src\Imagenes\Adidas\1.png,src\Imagenes\Adidas\2.png,src\Imagenes\Adidas\3.png,src\Imagenes\Adidas\4.png
src\Imagenes\Apple\1.png,src\Imagenes\Apple\2.png,src\Imagenes\Apple\3.png,src\Imagenes\Apple\4.png
src\Imagenes\Boca Juniors\1.png,src\Imagenes\Boca Juniors\2.png,src\Imagenes\Boca Juniors\3.png,src\Imagenes\Boca Juniors\4.png
src\Imagenes\Coca-Cola\1.png,src\Imagenes\Coca-Cola\2.png,src\Imagenes\Coca-Cola\3.png,src\Imagenes\Coca-Cola\4.png
src\Imagenes\Facebook\1.png,src\Imagenes\Facebook\2.png,src\Imagenes\Facebook\3.png,src\Imagenes\Facebook\4.png
src\Imagenes\Ferrari\1.png,src\Imagenes\Ferrari\2.png,src\Imagenes\Ferrari\3.png,src\Imagenes\Ferrari\4.png
src\Imagenes\Google\1.png,src\Imagenes\Google\2.png,src\Imagenes\Google\3.png,src\Imagenes\Google\4.png
src\Imagenes\Instagram\1.png,src\Imagenes\Instagram\2.png,src\Imagenes\Instagram\3.png,src\Imagenes\Instagram\4.png
src\Imagenes\McDonalds\1.png,src\Imagenes\McDonalds\2.jpg,src\Imagenes\McDonalds\3.png,src\Imagenes\McDonalds\4.png
src\Imagenes\Nike\1.png,src\Imagenes\Nike\2.png,src\Imagenes\Nike\3.png,src\Imagenes\Nike\4.png
src\Imagenes\Pepsi\1.png,src\Imagenes\Pepsi\2.png,src\Imagenes\Pepsi\3.png,src\Imagenes\Pepsi\4.png
src\Imagenes\Twitter\1.png,src\Imagenes\Twitter\2.png,src\Imagenes\Twitter\3.png,src\Imagenes\Twitter\4.png
src\Imagenes\WhatsApp\1.png,src\Imagenes\WhatsApp\2.png,src\Imagenes\WhatsApp\3.png,src\Imagenes\WhatsApp\4.png
src\Imagenes\Windows\1.png,src\Imagenes\Windows\2.png,src\Imagenes\Windows\3.png,src\Imagenes\Windows\4.png
src\Imagenes\YouTube\1.png,src\Imagenes\YouTube\2.png,src\Imagenes\YouTube\3.png,src\Imagenes\YouTube\4.png
